id,full_name,email,phone,created_at
1,Ivan Ivanov,ivan.ivanov@example.com,+79990000001,2025-01-10 09:00:00+03
2,Petr Petrov,petr.petrov@example.com,+79990000002,2025-01-11 09:15:00+03
3,Anna Smirnova,anna.smirnova@example.com,+79990000003,2025-01-12 09:30:00+03
4,Maria Kuznetsova,maria.kuznetsova@example.com,+79990000004,2025-01-13 09:45:00+03
5,Dmitry Popov,dmitry.popov@example.com,+79990000005,2025-01-14 10:00:00+03
6,Olga Sokolova,olga.sokolova@example.com,+79990000006,2025-01-15 10:15:00+03
7,Sergey Volkov,sergey.volkov@example.com,+79990000007,2025-01-16 10:30:00+03
8,Elena Fedorova,elena.fedorova@example.com,+79990000008,2025-01-17 10:45:00+03
9,Andrey Morozov,andrey.morozov@example.com,+79990000009,2025-01-18 11:00:00+03
10,Natalia Lebedeva,natalia.lebedeva@example.com,+79990000010,2025-01-19 11:15:00+03
11,Alexey Pavlov,alexey.pavlov@example.com,+79990000011,2025-01-20 11:30:00+03
12,Irina Novikova,irina.novikova@example.com,+79990000012,2025-01-21 11:45:00+03
13,Mikhail Kozlov,mikhail.kozlov@example.com,+79990000013,2025-01-22 12:00:00+03
14,Svetlana Orlova,svetlana.orlova@example.com,+79990000014,2025-01-23 12:15:00+03
15,Nikita Egorov,nikita.egorov@example.com,+79990000015,2025-01-24 12:30:00+03
